username,followers,following,tweets_count,verified,created_at,description,location,website,latest_tweet_date,avg_likes,avg_retweets,engagement_rate,is_valid,validation_notes
djcows,19414,927,76959,False,Sat Nov 20 18:42:10 +0000 2010,internet cow,,https://x.com/djcows,,,,,True,PASS
astraiaintel,53531,2732,46090,False,Sun Apr 23 12:24:34 +0000 2023,"Military Theorist and Researcher || Friendly 🤗 || Covering the Strategic Level of War || Interest: Europe, the ME, and the Asia-Pacific. 💛",,https://x.com/astraiaintel,,,,,True,PASS
benln,84006,401,27705,False,Tue Feb 24 01:00:02 +0000 2009,"@cursor_ai team, @nextplayso newsletter",,https://x.com/benln,,,,,True,PASS
StartupArchive_,125505,2,4860,False,Thu Sep 30 22:24:42 +0000 2021,Archiving the world's best startup advice for future generations of founders | New project: @foundertribune,Full Archive →,https://x.com/StartupArchive_,,,,,True,PASS
gregisenberg,551417,937,61574,False,Sat May 03 23:08:05 +0000 2008,"I run a portfolio of internet companies and host @startupideaspod. CEO: @latecheckoutplz we build companies like @ideabrowser, @meetLCA, @boringmarketer etc",more →,https://x.com/gregisenberg,,,,,True,PASS
ShaanVP,456263,13273,16030,False,Sun Jan 03 00:47:50 +0000 2010,I'm an idea dealer,"San Francisco, CA",https://x.com/ShaanVP,,,,,True,PASS
lukecodez,5255,2047,18532,False,Tue Feb 06 06:58:40 +0000 2024,learning. building. sharing.,19🪐,https://x.com/lukecodez,,,,,False,followers=5255 < 10000
aparup,1707,994,4404,False,Sat Oct 23 12:41:33 +0000 2021,"Growth Engineer @hyperbrowser (YC S21) | Diving deep into ML.
Building useful tools for people and developers.",Internet,https://x.com/aparup,,,,,False,followers=1707 < 10000
kanavtwt,11525,601,7607,False,Thu Dec 26 06:23:23 +0000 2024,"21, engineer. prev backend dev @ startups x3.
▪︎ https://t.co/BVHY2loNG2 → free and secure pdf tools in your browser",Ryzen 9 9950X3D,https://x.com/kanavtwt,,,,,True,PASS
UghDitya,4845,1131,5258,False,Thu Sep 24 10:56:55 +0000 2020,"I design absurd products.
Prev - @Microsoft | IDC, IITB",Mumbai,https://x.com/UghDitya,,,,,False,followers=4845 < 10000
Neerajscript,1772,909,9492,False,Sat Apr 12 10:25:33 +0000 2025,nonchalant cat lover,,https://x.com/Neerajscript,,,,,False,followers=1772 < 10000
LeviBetz,707,390,28651,False,Fri Mar 22 02:28:28 +0000 2013,"weird car fan, ice racer, nerd.","Anchorage, AK",https://x.com/LeviBetz,,,,,False,followers=707 < 10000
fishPointer,12398,2018,19989,False,Tue Dec 01 15:09:45 +0000 2020,electronomicon author,"Seattle, WA",https://x.com/fishPointer,,,,,True,PASS
shiri_shh,10710,905,5840,False,Thu Dec 25 05:14:29 +0000 2014,23 ▪︎ Locked in ▪︎ https://t.co/fRlOjnaZr1 — we help you monetize your twitter header + bio and earn passive income,,https://x.com/shiri_shh,,,,,True,PASS
halcy,984,636,23314,False,Wed Apr 09 11:48:56 +0000 2008,applied scientist @ ms  ·  prefer. https://t.co/X3DnrME33U · ideal for comfortable gameplay in relaxed locations. · https://t.co/60fRG4yFbV  · https://t.co/HsKWVQG7M6 · ❤@SaltyTuna,ＩＮＦＬＡＴＡＢＬＥ  ＰＬＥＡＳＵＲＥ  ＣＲＡＦＴ,https://x.com/halcy,,,,,False,followers=984 < 10000
ZyMazza,9977,842,69294,False,Wed Feb 08 05:34:23 +0000 2012,"At the intersection of Faith, Technology, and Arcana... You find Zy @meaningfuldream",,https://x.com/ZyMazza,,,,,False,followers=9977 < 10000
samirande_,13360,2207,37338,False,Mon Dec 02 14:28:35 +0000 2024,18. learning cool stuffs,Pluto,https://x.com/samirande_,,,,,True,PASS
strawbhaze,3472,1178,13822,False,Sun Nov 24 16:13:46 +0000 2019,she got away.,22 she/her ⚢,https://x.com/strawbhaze,,,,,False,followers=3472 < 10000
FalconryFinance,121026,3225,149750,False,Sat Nov 21 03:30:06 +0000 2020,"Falcon Backed Securities consist of prime bird, subprime bird, and junk bird, all balanced to satisfy a AAA rating by major agencies.","Dubai, United Arab Emirates",https://x.com/FalconryFinance,,,,,True,PASS
FluentInFinance,434414,208,35750,False,Fri Mar 12 00:04:37 +0000 2021,"I write https://t.co/mkgnr1Cb9H, trusted by 100,000+ to get smarter with money, investing, geopolitics & the economy. 20yrs in finance. Follow for daily posts!","Join 100,000 subscribers  ➜",https://x.com/FluentInFinance,,,,,True,PASS
SoSoValueCrypto,984137,19,4490,False,Sat Apr 16 12:35:21 +0000 2022,"Investors centric crypto investment powerhouse. Cut the noise, find true value. Join SoDEX Whitelist - https://t.co/UPUBrsj3vk 🌲 https://t.co/nMPvA5BgK8",,https://x.com/SoSoValueCrypto,,,,,True,PASS
NFAdotcrypto,79170,1636,4773,False,Fri Mar 04 16:50:13 +0000 2022,Join the NFA Research Group 🤝 | Crypto deep dives | Occasional bangers 🎶 | Not financial advice,United States,https://x.com/NFAdotcrypto,,,,,True,PASS
saylordocs,70900,1,5097,False,Fri Jan 01 20:54:54 +0000 2021,"Follow for Daily Bitcoin data, updates and Saylor insights",,https://x.com/saylordocs,,,,,True,PASS
naiivememe,323153,242,29750,False,Wed Dec 01 04:41:18 +0000 2021,🔥Subcribe naiive for moar memes and a cat follow 🐈,,https://x.com/naiivememe,,,,,True,PASS
AirdropStario,1620382,0,2766,False,Mon Sep 16 02:36:39 +0000 2019,"Hello dear followers! 

We'll do our best to share the legitimate airdrops timely.

Support: https://t.co/A9FO4fQilK

#Airdrop #Bitcoin #AirdropStario #Crypto",,https://x.com/AirdropStario,,,,,True,PASS
Greencandleit,12769,2487,22508,False,Sun Apr 11 21:24:59 +0000 2021,🟩🕯@keysopen_doors | State of #Bitcoin and Macro Insights YouTube | Green Candle investments newsletter | DM for sponsorship opportunities | Not FA,,https://x.com/Greencandleit,,,,,True,PASS
BitcoinJunkies,40309,34,2781,False,Fri Jul 04 00:49:05 +0000 2025,24/7 Bitcoin News & Insights | Turn On Post Notifications, ₿TC,https://x.com/BitcoinJunkies,,,,,True,PASS
shahh,398235,17518,225320,False,Wed Nov 08 00:45:56 +0000 2017,degen retard | https://t.co/egjYHG6EEt | only tg: shahwtf | https://t.co/fDZqZQ4l03 | always nfa | using: @bloomtrading | mostly respond to DMs on TG,hi,https://x.com/shahh,,,,,True,PASS
TommiPedruzzi,73024,99,11528,False,Fri Apr 01 13:04:45 +0000 2022,7-Figure by selling eBooks on Amazon KDP (without writing) • CEO & Founder at @nespola_io,Next AI + eBooks Masterclass➡️,https://x.com/TommiPedruzzi,,,,,True,PASS
Leooweb3,142154,72124,35857,False,Sun Sep 17 09:26:55 +0000 2023,Crypto | My tweet NFA DYOR  | Ambasador  | KOLs Manager | Partner @Crypto_Kultur3 & @TMC_collage | DM FOR INQUIRIES,For Business 👉 DM,https://x.com/Leooweb3,,,,,True,PASS
Irenezhao_,252392,724,6227,False,Wed Mar 03 04:10:50 +0000 2021,,Singapore,https://x.com/Irenezhao_,,,,,True,PASS
ThisIsSethsBlog,725187,2,5607,False,Wed Dec 03 01:55:18 +0000 2008,"Author, blogger, a lifetime of projects. This is a retweet of my blog.",New York,https://x.com/ThisIsSethsBlog,,,,,True,PASS
annhandley,50509,20761,18461,False,Fri May 30 17:15:56 +0000 2008,"Author. Speaker. CCO. Everybody Writes 2 is out now! More than 50k read Total Annarchy, my newsletter on writing, marketing, living your best life.",Boston,https://x.com/annhandley,,,,,True,PASS
randfish,454911,118,70300,False,Sat Jun 02 19:28:10 +0000 2007,"Co-founder https://t.co/UdbZdchqS5, https://t.co/p1vp6dBZkE & https://t.co/hWzhpB4ku1. I help people do better marketing.","Seattle, WA",https://x.com/randfish,,,,,True,PASS
GoldieChan,34146,3537,83114,False,Fri Jul 31 09:39:17 +0000 2009,Author of Personal Branding for Introverts. Ex Forbes. Writer @ArchieComics.  Creative & Branding @WarmRobots. Cancer Survivor 🌱 Speak: info@goldiechan.com,Los Angeles ✌🏼,https://x.com/GoldieChan,,,,,True,PASS
Superhuman,226632,3430,41612,False,Sun Jun 14 22:23:52 +0000 2009,"Superpowers, everywhere you work. Grammarly, Coda, Mail, and a new product called Superhuman Go are part of the Superhuman suite.",San Francisco,https://x.com/Superhuman,,,,,True,PASS
Econsultancy,198808,1133,62649,False,Fri Jan 04 09:40:55 +0000 2008,We empower large organisations to elevate their teams’ capabilities and confidence in marketing and ecommerce.,London | New York ,https://x.com/Econsultancy,,,,,True,PASS
stephsmithio,160252,99,17794,False,Wed Jul 04 18:46:47 +0000 2012,"Growth @NVIDIA | prev Head of Growth @GroqInc

📌 Also: @a16z @HubSpot @TheHustle
💻 Chronically online @internet_pipes
🎙 Podcasting @sydlis 👇",the internet rabbit hole 🕳️,https://x.com/stephsmithio,,,,,True,PASS
boringmarketer,89989,268,9431,False,Tue Jan 31 15:27:55 +0000 2023,Automating marketing with AI workflows & agents. Building products & community. Get my Claude Skills: https://t.co/a6VnNvuSpX,"join 2,800+ ai marketers →",https://x.com/boringmarketer,,,,,True,PASS
jaboukie,767267,1228,1694,False,Sat Jun 18 18:14:55 +0000 2011,https://t.co/YRkNpNPnJe,,https://x.com/jaboukie,,,,,True,PASS
jenstatsky,140332,1777,1031,False,Mon Jun 08 16:42:39 +0000 2009,i co-created HACKS on @hbomax & i wrote for the good place & broad city & parks and rec & some other stuff & i’m still gonna die someday.,,https://x.com/jenstatsky,,,,,True,PASS
someecards,1623428,587,132817,False,Fri Mar 07 12:49:08 +0000 2008,"Welcome to the Twitter feed of somewhat internationally acclaimed humor site, http://t.co/GVZIdYcOlq. You’ll love not unfollowing us!","New York, NY",https://x.com/someecards,,,,,True,PASS
simoncholland,160983,1354,20459,False,Sat Sep 06 19:28:31 +0000 2014,Olympic Hopeful,Atlanta,https://x.com/simoncholland,,,,,True,PASS
XplodingUnicorn,867925,771,24602,False,Sat Aug 25 11:13:24 +0000 2012,Father of daughters. Owner of pigs. Writer of books: https://t.co/V7JWbsTXJ9,"Indianapolis, IN",https://x.com/XplodingUnicorn,,,,,True,PASS
god,556379,2,23169,False,Wed Jan 17 15:31:39 +0000 2007,He who has everything but God has nothing.,Mount Olympus,https://x.com/god,,,,,True,PASS
DeathStarPR,275654,444,6258,False,Sat Jun 19 05:14:58 +0000 2010,The Galactic Empire has been getting a bad rap. We're here to set the record straight. Email: DeathStarPR@gmail.com,"In a galaxy far, far away...",https://x.com/DeathStarPR,,,,,True,PASS
PreschoolGems,136834,664,3292,False,Thu Apr 08 06:53:57 +0000 2010,"LOVE. DEATH. MAGIC. Catalogued by Leslie McCollom. Book out now from @PenguinRandom! Get one, why don't you?",,https://x.com/PreschoolGems,,,,,True,PASS
dril,1661065,414,14553,False,Mon Sep 15 17:21:54 +0000 2008,"welcome to my shit
https://t.co/SuXccfQtN7
https://t.co/kHbbE12Ftx
https://t.co/uXYQZrfYdk",LA,https://x.com/dril,,,,,True,PASS
dog_rates,8890421,13,26557,False,Sun Nov 15 21:41:29 +0000 2015,Your Only Source For Professional Dog Ratings Instagram and Facebook ➜ WeRateDogs partnerships@weratedogs.com | nonprofit: @15outof10 ⠀⠀⠀⠀⠀⠀⠀⠀⠀⠀⠀⠀,,https://x.com/dog_rates,,,,,True,PASS
melefante6,20525,50,2474,False,Thu Dec 09 21:01:50 +0000 2021,"I've helped people acquire ~1B in Airbnbs 🏠 DM me ""START"" to get your 1st Airbnb. Learn more here 👇","South Carolina, USA",https://x.com/melefante6,,,,,True,PASS
NoContextHumans,4253452,309,48483,False,Wed Jun 12 16:14:51 +0000 2019,The ORIGINAL Out of Context Human Race page! Subscribe to us for $1!↗️ No Copyright intended.,,https://x.com/NoContextHumans,,,,,True,PASS
Ryanair,894295,59,287738,False,Mon Jun 24 08:48:55 +0000 2013,"Catch flights, not feelings with Europe’s favourite airline.",,https://x.com/Ryanair,,,,,True,PASS
foundmyfitness,636927,217,10422,False,Tue Aug 18 04:01:47 +0000 2009,"Ph.D in biomedical science interested in nutrition, brain & aging. Host of FoundMyFitness podcast https://t.co/rirQwqebxL",,https://x.com/foundmyfitness,,,,,True,PASS
BodyForWife,33094,1129,24863,False,Tue Mar 10 21:55:06 +0000 2009,Nope. Fuck Nazis. Fuck Anal Musk. And fuck this place. Haven't posted in months and never will again. Not deleting to protect my handle from imposters. Byeeee!!,"Calgary, The Great White North",https://x.com/BodyForWife,,,,,True,PASS
TriathleteMag,112228,447,46757,False,Tue Apr 15 20:34:52 +0000 2008,Triathlete Magazine is the world's leading triathlon resource.,"Boulder, CO",https://x.com/TriathleteMag,,,,,True,PASS
DeanTTraining,57559,497,105171,False,Mon Aug 30 13:16:04 +0000 2021,"For 1:1 online coaching, workout programs and more, visit https://t.co/FLY12I4c9d",FREE Resources 👇🏻,https://x.com/DeanTTraining,,,,,True,PASS
BillKristol,1016449,9132,70181,False,Thu Oct 02 18:47:57 +0000 2014,"Director, https://t.co/JPcpCzAVjV. Editor at large & Morning Shots co-author, https://t.co/IFsNJFzEig. Host, https://t.co/wbwBfexLRN",,https://x.com/BillKristol,,,,,True,PASS
jayrosen_nyu,280164,1467,101242,False,Mon May 19 16:09:01 +0000 2008,"I teach journalism at NYU, critique the press, try to suggest reforms. PressThink is both my subject and my site.  @jayrosen.bsky.social jayrosen_nyc at Threads",New York City jr3@nyu.edu,https://x.com/jayrosen_nyu,,,,,True,PASS
ezraklein,2328453,1405,7752,False,Mon Jan 05 04:02:29 +0000 2009,"Columnist, @NYTOpinion
Author, ""Why We're Polarized""
Host of ""The Ezra Klein Show"" podcast",,https://x.com/ezraklein,,,,,True,PASS
LouiseMensch,237349,32304,136597,False,Thu Jan 22 16:36:16 +0000 2009,"""Unhinged British witch"" ""a textbook succubus""- Russian Insider",,https://x.com/LouiseMensch,,,,,True,PASS
jonfavs,1288489,1712,22838,False,Wed Apr 07 13:10:43 +0000 2010,"The Other One. @PodSaveAmerica, @Crooked, terminally online host of Offline, Obama speechwriter",US,https://x.com/jonfavs,,,,,True,PASS
nickconfessore,176848,1709,325,False,Mon Feb 28 18:27:35 +0000 2011,"Reporter for @NYTimes, staff writer at @NYTmag, @MSNOWNews political analyst. Also at @nickconfessore.bsky.social.",,https://x.com/nickconfessore,,,,,True,PASS
Ronald_vanLoon,344208,164624,180881,False,Mon Apr 16 07:55:31 +0000 2012,Helping AI driven companies generate value•Top10Influencer #AI #BigData #DataScience #IoT #MachineLearning #Analytics #Cloud,The Netherlands,https://x.com/Ronald_vanLoon,,,,,True,PASS
KirkDBorne,477343,4185,188287,False,Fri Mar 23 16:35:17 +0000 2012,Advisor to startups. Freelancer. @LeadershipData founder. Global Speaker. Top #B2B influencer & social promoter #DataScience #AI #ML. PhD Astrophysics @Caltech,"Maryland, USA",https://x.com/KirkDBorne,,,,,True,PASS
simonsinek,969250,39,4030,False,Sun Aug 24 16:24:52 +0000 2008,inspire someone every single day.,New York,https://x.com/simonsinek,,,,,True,PASS
marieforleo,204789,95,31348,False,Tue Sep 30 13:23:10 +0000 2008,#1 NY Times Bestselling author of #EverythingisFigureoutable. CEO. Dancer. Host of #MarieTV & #TheMarieForleoPodcast.,"West Village, NYC",https://x.com/marieforleo,,,,,True,PASS
ransegall,28751,1214,5591,False,Mon Feb 14 08:21:03 +0000 2011,"Helping people make a living as designers. Building Flux Academy.

🔥 FREE TRAINING: 3 Steps to Build a Thriving Web Design Career 👇",Tel-Aviv,https://x.com/ransegall,,,,,True,PASS
AmyJoMartin,849439,27616,22416,False,Thu Sep 18 05:52:43 +0000 2008,"Mom. Founder/CEO Renegade Global, NY Times bestselling author, Investor, Keynote Speaker, Why Not Now? podcast. https://t.co/yOp46zfvNJ","Austin, Texas",https://x.com/AmyJoMartin,,,,,True,PASS
jaltucher,222441,18764,55058,False,Sun Aug 19 16:23:47 +0000 2007,"For some reason, I've turned myself inside out and all my guts have spilled onto my blog.  Truth and vulnerability or the currency of content.  NM in chess.",NYC,https://x.com/jaltucher,,,,,True,PASS
donaldmiller,197631,832,20718,False,Wed Mar 19 22:34:49 +0000 2008,"Most companies struggle to talk about what they offer but if you confuse, you'll lose. My framework helps you clarify your message so customers place orders.","Nashville, TN",https://x.com/donaldmiller,,,,,True,PASS
thedankoe,552885,945,30160,False,Wed Feb 23 14:25:39 +0000 2011,notes to myself. building @edendotso,the goods:,https://x.com/thedankoe,,,,,True,PASS
coolcatteacher,151260,8419,88271,False,Thu Mar 29 22:29:40 +0000 2007,"Teacher #edtech  🎙 HOST 10 Minute Teacher Podcast & Cool Cat Teacher Talk Show🏆 Top Teacher Influencer since 2005 🐦 AP  CSP Teacher, Mom, IT Coach, Joyful","Camilla, Georgia ",https://x.com/coolcatteacher,,,,,True,PASS
tomwhitby,78778,8959,86220,False,Sun Nov 30 20:31:20 +0000 2008,"Author, Blogger, Speaker, podcaster, 40 yr teacher, Founder #Edchat, Edchat Interactive, EDU PLN, Blog: My Island View https://t.co/tZOxs9E8o3","LI, NY",https://x.com/tomwhitby,,,,,True,PASS
aaron_hogan,24857,5515,81071,False,Fri Jun 05 19:49:28 +0000 2009,Husband. Dad. Questioner. Literacy leader. Astros fan. Baseball card collector. Shattering the Perfect #TeacherMyth Author. All opinions are my own.,Texas,https://x.com/aaron_hogan,,,,,True,PASS
MadeForMums,50791,1789,15392,False,Thu Apr 09 08:53:34 +0000 2009,"Supporting you, from bumps to big kids
Product reviews, tips, hacks and how-tos",UK,https://x.com/MadeForMums,,,,,True,PASS
checkemoutbooks,13297,2716,90921,False,Fri Mar 27 19:56:49 +0000 2009,Dad 👨‍👩‍👧‍👦 Husband / Headteacher / NPQH / #MorningTom / 📚Blogger / TRG RfP co-leader (Solihull) / #Neighbours superfan,"Birmingham, England",https://x.com/checkemoutbooks,,,,,True,PASS
gdb,892263,8,5718,False,Fri Jul 02 19:38:09 +0000 2010,President & Co-Founder @OpenAI,,https://x.com/gdb,,,,,True,PASS
docmilanfar,102096,498,7970,False,Sun Feb 02 22:05:20 +0000 2014,"Distinguished Scientist at Google. Computational Imaging, Machine Learning, and Vision. Tweets = personal opinions. May change or disappear over time.",,https://x.com/docmilanfar,,,,,True,PASS
burkov,51362,115,20943,False,Sun Jun 14 16:56:23 +0000 2009,"Book: https://t.co/tSS6Pctj6r
App: https://t.co/APb9rPQQ9b

PhD in AI, author of 📖 The Hundred-Page Language Models Book & The Hundred-Page Machine Learning Book","Québec, Canada",https://x.com/burkov,,,,,True,PASS
sirbayes,65223,617,1061,False,Wed Oct 19 00:15:15 +0000 2016,Research Scientist at Google DeepMind. Interested in Bayesian Machine Learning.,,https://x.com/sirbayes,,,,,True,PASS
alliekmiller,79433,2344,10164,False,Mon May 11 16:57:34 +0000 2009,"#1 Most Followed Voice in AI Business (2M followers). Former Amazon, IBM. Time100 AI. Fortune 500 and startup AI advisor, public speaker. AI-First courses in 🔗","New York, NY",https://x.com/alliekmiller,,,,,True,PASS
OfficialLoganK,259370,2789,10149,False,Tue Apr 19 03:00:17 +0000 2011,Lead product for @GoogleAIStudio & Gemini API. My views!,Lkilpatrick@google.com,https://x.com/OfficialLoganK,,,,,True,PASS
mattshumer_,102430,1525,9638,False,Thu Nov 14 08:06:43 +0000 2019,"CEO @HyperWriteAI, @OthersideAI, creator of https://t.co/PSUlubx5bb (Github for prompts), investor in @GroqInc @Etched @Rork_App @OpenRouterAI + many more",MODEL ALPHA 👉,https://x.com/mattshumer_,,,,,True,PASS
karpathy,1581576,1041,9891,False,Tue Apr 21 06:49:15 +0000 2009,"Building @EurekaLabsAI. Previously Director of AI @ Tesla, founding team @ OpenAI, CS231n/PhD @ Stanford. I like to train large deep neural nets.",Stanford,https://x.com/karpathy,,,,,True,PASS
drfeifei,540352,1153,2903,False,Thu Apr 08 05:16:30 +0000 2010,"Prof (CS @Stanford), Co-Director @StanfordHAI, Cofounder/CEO @theworldlabs, #AI #SpatialIntelligence #GenAI #computervision #robotics #AI-healthcare","Stanford, CA, U.S.A.",https://x.com/drfeifei,,,,,True,PASS
rowancheung,568410,544,12100,False,Fri Mar 29 18:03:03 +0000 2013,Founder of the world’s most read daily AI newsletter @therundownai. Sharing the latest developments in the world of artificial intelligence.,"Join 2,000,000+ Readers →",https://x.com/rowancheung,,,,,True,PASS
erikbryn,211117,4706,28459,False,Mon Nov 23 21:18:26 +0000 2009,"Director @DigEconLab
Co-founder, @Workhelix
@StanfordHAI @SIEPR @Stanford https://t.co/D2bPyxoFEf",Stanford,https://x.com/erikbryn,,,,,True,PASS
StanfordHAI,102162,603,6179,False,Tue Nov 27 00:49:20 +0000 2018,"The official account of the @Stanford Institute for Human-Centered AI, advancing AI research, education, policy, and practice to improve the human condition.","Stanford, CA",https://x.com/StanfordHAI,,,,,True,PASS
zeldman,285519,5426,62655,False,Tue Dec 12 17:11:41 +0000 2006,OG blogger/web designer. Automattician. @alistapart. Designing With Web Standards. https://t.co/C8acojDiml,"New York, NY",https://x.com/zeldman,,,,,True,PASS
abduzeedo,215113,782,59298,False,Mon Dec 04 23:31:20 +0000 2006,generative inspiration,"Oakland, CA",https://x.com/abduzeedo,,,,,True,PASS
swissmiss,403932,939,40385,False,Mon Mar 19 13:40:08 +0000 2007,"Designer. Human gatherer. Optimist. My labors of love: @creativemorning, @teuxdeux, @friendsworkhere and @tattly (sold to BIC).","Brooklyn, NY",https://x.com/swissmiss,,,,,True,PASS
mizko,43936,414,13936,False,Sat May 17 23:20:18 +0000 2008,Building the Content OS. https://t.co/w1L13jUWKC + https://t.co/2znvahjPNd + https://t.co/R2czrtf34a + https://t.co/QFFJgk0Tnm,AWS,https://x.com/mizko,,,,,True,PASS
pablostanley,100825,2281,15617,False,Mon Mar 02 17:44:00 +0000 2009,"designer @v0 
playing with https://t.co/iUxmfd3xEQ",San Franciso,https://x.com/pablostanley,,,,,True,PASS
dribbble,294250,968,20848,False,Thu Apr 10 14:34:21 +0000 2008,"The world's leading platform to discover top designers, their design work, and the services they offer.",,https://x.com/dribbble,,,,,True,PASS
rogie,111672,909,103134,False,Tue Sep 25 05:50:41 +0000 2007,"Digital builder & chaos animal. Product designer on Figma Draw. Prior: Advocacy at Figma. ❤️ horror movies, electronic music, ass-numbing hot sauces, art & code",,https://x.com/rogie,,,,,True,PASS
managore,21511,276,9537,False,Tue Nov 11 09:36:37 +0000 2008,"I make games // roguelight / birdsong / the sun and moon / planetarium / sandstorm / windowframe / outline / reap / etc

leap year: https://t.co/0VbwBgKztE","sydney, aus",https://x.com/managore,,,,,True,PASS
dittomat,7859,752,25559,False,Mon Mar 14 19:34:44 +0000 2011,made 2 gonner games.,mälmø,https://x.com/dittomat,,,,,False,followers=7859 < 10000
Pixel_Dailies,90799,4,55686,False,Tue Jun 24 23:43:34 +0000 2014,Follow Pixel Dailies on Blue Sky: https://t.co/Qc5b90IkYM,Pixelton,https://x.com/Pixel_Dailies,,,,,True,PASS
Anemolito,8637,643,1541,False,Fri Dec 19 05:26:54 +0000 2014,"Freelancer Creative Web Developer👻

Sending WebGL newsletters:
https://t.co/0yZPmOLGJo","Miami, FL",https://x.com/Anemolito,,,,,False,followers=8637 < 10000
shxtou,1456362,617,126360,False,Thu Apr 23 18:47:22 +0000 2015,"Horror streamer | Vessel of the ancient lord.
Twitch & Youtube Partner
Fan Art ‣ #ArtoftheRogue ママ ‣ @suteinuA
Live 2D ‣ @iron_vertex
GamerSupps Code: SHOTO",shoto@iso-ent.com,https://x.com/shxtou,,,,,True,PASS
artsy,1653194,2573,37589,False,Mon Oct 12 06:54:45 +0000 2009,For the art obsessed. Discover and buy art by the world’s leading artists—all on the Artsy app.,"New York, NY",https://x.com/artsy,,,,,True,PASS
DeviantArt,1799772,673,30599,False,Thu Mar 15 18:51:28 +0000 2007,🎨 DeviantArt: We create connections through the creation and sharing of art. 🤔 Need help? https://t.co/5F10RKPYNX,,https://x.com/DeviantArt,,,,,True,PASS
OBEYGIANT,174610,473,7116,False,Fri Nov 07 03:05:23 +0000 2008,Official account of artist/activist Shepard Fairey. Obey Discord: https://t.co/yRAt4e5OqG  Newsletter: https://t.co/EPV4CZB6kR,Los Angeles,https://x.com/OBEYGIANT,,,,,True,PASS
takashipom,319131,2400,73520,False,Tue Feb 23 00:34:59 +0000 2010,Artist : POM&ME,tokyo,https://x.com/takashipom,,,,,True,PASS
TheDustyBC,225075,2077,36520,False,Fri Sep 29 14:52:38 +0000 2017,"The Official DustyBC, 185K on YouTube. #BTC #ETH #XRP #ADA & More! Content Creator. I am Not A Financial Advisor. Tweets = Opinion",Dubai,https://x.com/TheDustyBC,,,,,True,PASS
JRart,98603,187,6029,False,Sat Jun 02 20:34:29 +0000 2012,Artist until I find a real job:) Editions : Atelier JR Galleries : @galerieperrotin @PaceGallery @GContinua Nara Roesler Gallery & Simon Studer,somewhere around you,https://x.com/JRart,,,,,True,PASS
THEK0UNT,61228,1025,15674,False,Mon Oct 31 22:20:46 +0000 2011,,Toronto,https://x.com/THEK0UNT,,,,,True,PASS
KarenCivil,410325,1347,2826,False,Sat Sep 27 20:52:06 +0000 2008,A Cultural Artige in motion.,"Los Angeles, CA",https://x.com/KarenCivil,,,,,True,PASS
blamethelabel,31566,1414,101118,False,Sun Feb 15 12:06:01 +0000 2009,Built it brick by brick.,Amir Abbassy,https://x.com/blamethelabel,,,,,True,PASS
ComplexMusic,1648599,1063,148615,False,Wed Jan 26 13:00:01 +0000 2011,Never not listening.,,https://x.com/ComplexMusic,,,,,True,PASS
PoetryFound,288600,9730,25611,False,Wed Jul 01 15:40:41 +0000 2009,The Poetry Foundation transforms lives through the power of words. Publisher of @PoetryMagazine,"61 W Superior St, Chicago, IL",https://x.com/PoetryFound,,,,,True,PASS
StreamHatchet,13098,1692,2925,False,Fri Jul 03 18:00:37 +0000 2015,"Data. Community. Campaigns. Your 360, data-first, Influencer Marketing Agency that cuts through the noise. 
Download our latest quarterly report below.",Barcelona,https://x.com/StreamHatchet,,,,,True,PASS
Francis_Lam,66679,3084,46162,False,Mon Mar 23 04:30:50 +0000 2009,"I write and talk about food and people. I'm Editor in Chief at Clarkson Potter, the host of @splendidtable, and ex-columnist at @NYTMag. I take statins.",New York City,https://x.com/Francis_Lam,,,,,True,PASS
ottolenghi,339183,640,17574,False,Wed Jan 27 22:40:13 +0000 2010,,London,https://x.com/ottolenghi,,,,,True,PASS
SpoonUniversity,13579,1292,18241,False,Thu May 23 15:08:44 +0000 2013,just a gen z notes app chef 🍳🥪🍜🧁✨,"New York, NY",https://x.com/SpoonUniversity,,,,,True,PASS
marionnestle,131167,317,10177,False,Fri Mar 13 17:40:37 +0000 2009,"Paulette Goddard Professor of Nutrition, Food Studies, & Public Health, New York University, Emerita, and author of books about food politics.",New York,https://x.com/marionnestle,,,,,True,PASS
MattArmendariz,12077,2617,14020,False,Fri Mar 28 18:04:11 +0000 2008,,,https://x.com/MattArmendariz,,,,,True,PASS
bittman,444141,474,9148,False,Fri Feb 13 15:36:07 +0000 2009,"Ex-NYTimes, author (How to Cook Everything, Animal Vegetable Junk, VB6 etc), team player @bittmanproject, host of ""Food with Mark Bittman,"" grandpa!",,https://x.com/bittman,,,,,True,PASS
STATravel_UK,82509,747,30027,False,Tue Jun 23 16:29:08 +0000 2009,"For anyone who has ever fought & lost the urge to see what's out there #StartTheAdventure
 Contact our Cares team on @STATravelCares",United Kingdom,https://x.com/STATravel_UK,,,,,True,PASS
Fooddotcom,208717,11759,27100,False,Mon Jan 12 20:05:31 +0000 2009,All the recipes you'll ever need — period.🍴,,https://x.com/Fooddotcom,,,,,True,PASS
NYFA,82999,3535,32096,False,Thu Oct 23 17:04:11 +0000 2008,"The premier visual & performing arts college offering hands-on intensive programs in filmmaking, acting, photography, animation & more. Tag us at #NYFA","NYC, LA, & all over the world",https://x.com/NYFA,,,,,True,PASS
mother_pukka,13295,303,525,False,Thu Mar 05 12:40:09 +0000 2015,Out of office on delayed maternity leave. For #passthemic see link below 👇🏻,London,https://x.com/mother_pukka,,,,,True,PASS
jayshetty,400055,11077,49312,False,Fri Feb 21 08:24:47 +0000 2014,Jay Shetty | Global Best Selling Author | Award Winning Podcast Host of ON Purpose | Purpose Driven Entrepeneur,"Los Angeles, CA",https://x.com/jayshetty,,,,,True,PASS
ycombinator,1524978,359,22553,False,Wed Feb 10 20:20:37 +0000 2010,We help founders make something people want. Subscribe to our newsletter: https://t.co/sjqjxxBeLc,"San Francisco, CA",https://x.com/ycombinator,,,,,True,PASS
sequoia,726419,1530,8300,False,Mon Mar 16 21:38:11 +0000 2009,We help the daring build legendary companies from idea to IPO and beyond.,"Menlo Park, CA",https://x.com/sequoia,,,,,True,PASS
fredwilson,642268,1349,19912,False,Mon Mar 12 10:47:57 +0000 2007,I am a VC,New York City,https://x.com/fredwilson,,,,,True,PASS
Jason,1051216,5855,65793,False,Sat Aug 05 23:31:27 +0000 2006,first investor in https://t.co/M6cblbFld9 Host: @twistartups @theallinpod; I also invest in 100 startups a year @launch & @founderuni jason@calacanis.com for life,austin ,https://x.com/Jason,,,,,True,PASS
a16z,910139,52,24647,False,Tue Aug 11 22:26:28 +0000 2009,"we invest in software eating the world 
https://t.co/A9eTFq6plZ
https://t.co/MXGUBJoesw

Watch ""The Ben & Marc Show"": https://t.co/eRuDhx7kpe",The Cloud,https://x.com/a16z,,,,,True,PASS
TechCrunch,9627258,462,282879,False,Wed Mar 07 01:27:09 +0000 2007,Technology news and analysis with a focus on founders and startup teams. Got a tip? https://t.co/J0WxnZxSRY,"San Francisco, CA",https://x.com/TechCrunch,,,,,True,PASS
mwseibel,276000,0,5801,False,Tue Mar 27 04:00:40 +0000 2007,Partner Emeritus at YC,San Francisco,https://x.com/mwseibel,,,,,True,PASS
garrytan,642863,5504,67132,False,Wed Jan 02 19:47:19 +0000 2008,President & CEO @ycombinator —Founder @Initialized—designer/engineer who helps founders—SF Dem accelerating the boom loop—haters not allowed in my sauna,"San Francisco, CA",https://x.com/garrytan,,,,,True,PASS
bfeld,318624,1,39038,False,Sun Apr 08 02:55:22 +0000 2007,"I'm a VC at Foundry. I live in Colorado, invest in software and Internet companies around the US, run marathons, and love to read.","Boulder, CO",https://x.com/bfeld,,,,,True,PASS
andrewchen,325883,14021,30286,False,Tue Apr 03 04:09:30 +0000 2007,🇺🇸 a16z speedrun,,https://x.com/andrewchen,,,,,True,PASS
lolitataub,90984,843,66633,False,Tue Jun 10 00:32:23 +0000 2014,Latina VC @ganasvc | $100K pre-seed/seed checks | 100+ startups backed,"San Diego, CA",https://x.com/lolitataub,,,,,True,PASS
joshk,149493,6027,6318,False,Wed May 24 15:51:44 +0000 2006,Father. Husband. VC. INTJ. Dad Joke Lover. Partner @FirstRound.   Proud user of em dashes since before Sam Altman was born.,Philly,https://x.com/joshk,,,,,True,PASS
christine_tsai,17904,1003,5627,False,Thu May 01 22:07:35 +0000 2008,"CEO & Founding Partner @500GlobalVC. Recovering ballet dancer. Wannabe kaima ʻāina. Vices: boba, malasadas, @TacoBell, 豆漿油條, 떡. Be water 🌊 Go Bears 🐻",Baaay AREEEEAAA 🌉,https://x.com/christine_tsai,,,,,True,PASS
scottbelsky,145520,1856,23379,False,Sat Aug 02 05:16:48 +0000 2008,"helping the creative world make ideas happen. partner @a24 / founder A24Labs; founder @Behance, bod @atlassian & MoMA, author, seed investor, product obsessive.",NY/Etc,https://x.com/scottbelsky,,,,,True,PASS
HarryStebbings,315754,359,32571,False,Thu May 14 11:36:22 +0000 2015,"🎤 @twentyminutevc, 🏦 @20vcfund, @projecteurope_😇 @perplexity_ai @linear @fyxerai @cognition @lovable_dev @airwallex @mercor_ai @getcaptionsapp","London, England",https://x.com/HarryStebbings,,,,,True,PASS
sgblank,219016,451,2409,False,Wed Mar 04 08:00:03 +0000 2009,"Customer Development & Secret History, Teaching at Stanford",Silicon Valley,https://x.com/sgblank,,,,,True,PASS
darrenmarble,57591,5288,46487,False,Sun Mar 01 20:46:48 +0000 2009,"Exec Producer @goingpublic | CEO @issuanceHQ | Grit, determination and resilience ✨",,https://x.com/darrenmarble,,,,,True,PASS
ArlanWasHere,117361,18486,89470,False,Tue Jun 26 23:46:04 +0000 2007,"Proud founder of @Backstage_Cap💯 + @HireRunner💜🏃🏾‍♀️, Author IT’S ABOUT DAMN TIME, Host YOUR FIRST MILLION, @QueerGermanGirl’s WIFEY😍@generalhospital fan📺","Los Angeles, CA",https://x.com/ArlanWasHere,,,,,True,PASS
eladgil,233623,1772,1968,False,Sun Jun 03 04:30:34 +0000 2007,Entrepreneur & Investor,,https://x.com/eladgil,,,,,True,PASS
ericbahn,88090,700,35465,False,Wed Aug 27 05:39:36 +0000 2008,Minivan Enthusiast at @HustleFundVC,,https://x.com/ericbahn,,,,,True,PASS
AngelList,406739,153,7881,False,Sat Dec 05 00:29:09 +0000 2009,"Building the infrastructure that powers the startup economy.

🚀 Venture & Rolling Funds
🌐 Scout Funds 
⚡ SPVs 
💻 Digital Subscriptions
🧠 AI Tools (beta)",,https://x.com/AngelList,,,,,True,PASS
BenjLerer,20607,616,7196,False,Fri Jul 31 16:16:32 +0000 2009,@LererHippeau; I love the Mets,NYC,https://x.com/BenjLerer,,,,,True,PASS
joinrepublic,65513,848,10242,False,Thu May 05 22:16:37 +0000 2016,"Invest in the future you believe in. Access startups, digital assets, music, video games. Sign up to start investing👇🏼 For support: investors@republic.co","New York, NY",https://x.com/joinrepublic,,,,,True,PASS
saranormous,124715,3118,14124,False,Wed Jul 20 20:44:14 +0000 2011,"startup investor/helper, founder @conviction. accelerating AI adoption, interested in progress. tech podcast: @nopriorspod",on ⛓,https://x.com/saranormous,,,,,True,PASS
lightspeedvp,57916,1873,9226,False,Fri Jul 24 22:47:36 +0000 2009,Possibility grows the deeper you go. Serving bold builders of the future.,Global,https://x.com/lightspeedvp,,,,,True,PASS
annimaniac,42073,2187,2104,False,Mon May 26 16:26:53 +0000 2008,"VC 🥷🏼 in pre-seed and seed. Yale, Stanford (PhD - Cybersecurity and Math Modeling), Mayfield Fellows, Foodie, Mom to 3 rascals and 🐶",Palo Alto,https://x.com/annimaniac,,,,,True,PASS
Suhail,398916,553,20370,False,Sat Feb 24 22:17:47 +0000 2007,"Founder: @mixpanel
Pizzatarian, programmer, music maker",Music over here:,https://x.com/Suhail,,,,,True,PASS
DanielleMorrill,81171,29735,3962,False,Fri Jun 22 15:30:20 +0000 2007,"CEO cofounder @groupthinkai @ineffablevc autodidact, cook, drive fast, build faster, think hard, love harder || @twilio @ycombinator (S12) @gitlab @mattermark",,https://x.com/DanielleMorrill,,,,,True,PASS
km,40079,746,35026,False,Fri Oct 17 07:06:32 +0000 2008,"lover, not-fighter. building and funding startups: @kindredventures",on my 📲 too much,https://x.com/km,,,,,True,PASS
alexiskold,59242,1794,65848,False,Mon Mar 26 00:33:07 +0000 2007,VC | Lead Pre/Seed @2048vc | Pitch me https://t.co/7RMuMRnXF1 | Coach @HarvardHBS | Blog https://t.co/0DoDmSLmNZ | Systems Thinker,"New York, NY",https://x.com/alexiskold,,,,,True,PASS
alexia,147753,6918,957,False,Tue Dec 23 06:06:55 +0000 2008,Scrolling saves.,,https://x.com/alexia,,,,,True,PASS
emiliemc,59071,5890,2624,False,Thu Feb 26 05:29:00 +0000 2009,"President and COO at Coinbase, Angel Investor","San Francisco, CA",https://x.com/emiliemc,,,,,True,PASS
hnshah,272128,5296,122222,False,Sat Jul 29 09:04:30 +0000 2006,"Founder & CEO building SaaS for 20+ yrs. Sharing what endures in business, growth & people. Built Crazy Egg (2005), KISSmetrics (2008) & Nira (2020). DMs open.","San Francisco, California",https://x.com/hnshah,,,,,True,PASS
jeremarketer,47543,18650,86803,False,Wed May 30 16:11:48 +0000 2007,"Sr. Director, Marketing, Commerce, and Tech Briefings @EMARKETER. Author of Going Social & Getting to Like. Host of FUTUREPROOF. podcast. Comic. Weirdo.","New York, NY",https://x.com/jeremarketer,,,,,True,PASS
BrianFeroldi,647049,507,33207,False,Thu Jul 30 18:20:35 +0000 2009,🔎 I Teach Investors How To Analyze Businesses | Author & Financial Educator | 20+ Years Investing Experience | Free Investing eBook (Link) ⬇️,Free Investing 📗 ➜,https://x.com/BrianFeroldi,,,,,True,PASS
AccentInvesting,279695,247,70168,False,Sun Aug 21 07:56:40 +0000 2011,I will teach you how to manage money and be financially literate. I share insights on finance and wealth. Level up with me. DMs open for business.,Get my book and Subscribe 👉🏿,https://x.com/AccentInvesting,,,,,True,PASS
Arunstockguru,129261,104,17633,False,Tue Mar 23 13:51:25 +0000 2010,"Investor in Small caps. In love with India Story.
| Startups |
Entrepreneur|",Kolkata,https://x.com/Arunstockguru,,,,,True,PASS
awealthofcs,305125,738,43989,False,Thu Dec 17 21:34:18 +0000 2009,Trying to bring some common sense to the world of finance. Book: https://t.co/c53AckMaZF Podcast: https://t.co/GrhZZzIjLv,"Grand Rapids, MI",https://x.com/awealthofcs,,,,,True,PASS
MashraniVivek,110560,324,19434,False,Sat Oct 04 15:23:00 +0000 2014,"CEO and MD - Technofunda Investing | SEBI Registered RA | Mech Engineer | Ex-HSBC, UBS | Building World-Class Investing Community; https://t.co/roOP7xXyjF","Ahmedabad, India",https://x.com/MashraniVivek,,,,,True,PASS
deepakshenoy,273558,2528,129370,False,Mon Aug 13 19:45:57 +0000 2007,"CEO, Capitalmind AMC.
Mutual Fund: https://t.co/kHDM0LGQh8
PMS: https://t.co/nGD8QS75uJ
Views personal, not of employer
Read: Money Wise https://t.co/JVSZENRmlL","Bangalore, Karnataka, India",https://x.com/deepakshenoy,,,,,True,PASS
investmattallen,124035,1617,32423,False,Wed May 04 15:54:32 +0000 2011,"Insights on Investing Education, Wealth & Stocks | As Seen in Yahoo Finance and Bloomberg",Explore👉🏻,https://x.com/investmattallen,,,,,True,PASS
InvestmentTalkk,59800,647,16391,False,Sat Feb 08 16:35:34 +0000 2020,I never took bio.,Interwebs,https://x.com/InvestmentTalkk,,,,,True,PASS
LTI_finance,49612,593,9552,False,Wed Mar 17 17:44:13 +0000 2021,"Talking Bitcoin, Money, and Finance daily • Long Term Investor • Quoted in @YahooFinance @Nasdaq • 295k on IG • Follow Along","Join 15,000 subscribers",https://x.com/LTI_finance,,,,,True,PASS
value_invest12,32723,418,33068,False,Sat Sep 10 17:04:10 +0000 2011,I invest in great companies with long growth runways trading at reasonable prices.,,https://x.com/value_invest12,,,,,True,PASS
GunavanthVaid,54690,4,893,False,Mon Aug 23 17:33:39 +0000 2021,"CA by profession, Investor by passion. Love to explore opportunities in microcaps & startups.
Firm believer in India growth story. Not a SEBI registered advisor",,https://x.com/GunavanthVaid,,,,,True,PASS
Kenny_T_Kunene,241260,881,22301,False,Thu Jan 06 15:12:56 +0000 2011,"Deputy President of Patriotic Alliance | Servant Leader| Media | GR & PR & Marketing Consultant| 
Contact: Whitneyk.thandekapr@gmail.com",South Africa,https://x.com/Kenny_T_Kunene,,,,,True,PASS
TsakisaniM,192060,424,46978,False,Wed Sep 28 00:19:32 +0000 2016,| ACTRESS🎀 | Entrepreneur | Digital Marketing guru | IG/tiktok: tsakisanimondlani | CEO : @amarellal enquiries :tsakisanimondlani@gmail.com,South Africa,https://x.com/TsakisaniM,,,,,True,PASS
Itz_Konani,92224,58398,393686,False,Fri Apr 05 15:55:02 +0000 2013,"Digital Marketer; I do x Trends, Influencer Marketing, Social media Management/Ads, Social media Followers etc

send a DM or WhatsApp message 👇",,https://x.com/Itz_Konani,,,,,True,PASS
collinstimbela_,113380,69092,497195,False,Sat Apr 18 00:35:23 +0000 2020,All things LifeStyle 🌸 📧agapetimbela@gmail.com,,https://x.com/collinstimbela_,,,,,True,PASS
codyplof,63518,1962,42773,False,Thu Dec 23 01:49:10 +0000 2010,CEO @jonesroadbeauty. I write a weekly newsletter that will make you a better marketer. Sign Up: https://t.co/gG8NCklM27,"Montclair, NJ",https://x.com/codyplof,,,,,True,PASS
dhaboy01,51658,9080,326104,False,Sun Aug 26 10:40:38 +0000 2018,Computer Scientist|| Digital Marketer||Publicity and Events promotions||Dm for adverts & PR||GGMU❤️||allenstefan18@gmail.com.,,https://x.com/dhaboy01,,,,,True,PASS
griffinmatta,61525,906,8681,False,Tue May 31 05:21:18 +0000 2011,Marketing & Publishing for Hollow Knight: Silksong @TeamCherryGames and Crowsworn @MongooseRodeo,United States,https://x.com/griffinmatta,,,,,True,PASS
zunairkh,38441,6684,249915,False,Sun Aug 01 03:48:59 +0000 2010,"Social Media Activist, Dab Hand at Digital Marketing | Social Media Manager | PR & Collaboration zunairkh@gmail.com","Manchester, England",https://x.com/zunairkh,,,,,True,PASS
herrmanndigital,46339,781,102600,False,Tue Jul 22 05:12:20 +0000 2008,Christ Follower First | Dad | Husband | Marketing Nerd | Dodger Fan | Police Chase Enthusiast,"Redondo Beach, CA",https://x.com/herrmanndigital,,,,,True,PASS
waitin4agi_,224014,2079,11920,False,Tue May 01 05:17:04 +0000 2012,"waiting for agi. i live to experiment. don't take me too seriously I am an idiot. trying to build distractions (content, tools, games) for a post AGI world.",Bangalore,https://x.com/waitin4agi_,,,,,True,PASS
sallyeaves,137802,110136,93990,False,Thu Apr 02 07:37:30 +0000 2015,Innovating #tech #education #business CEO Tomorrows' Tech Today - CTO CIO Senator - #AI #5G #TechForGood #SDGs #CyberSecurity #IoT #ESG #FinTech #STEM #MWC25,London & Global :) ,https://x.com/sallyeaves,,,,,True,PASS
fabiomoioli,123900,37,11028,False,Mon Mar 22 17:53:21 +0000 2010,Consultant at @SpencerStuart. Passionate about #Human (and #Artificial) #Intelligences! prev. @Microsoft @McKinsey #VicePresident @Capgemini @Ericsson,"Milano MI, Italia",https://x.com/fabiomoioli,,,,,True,PASS
antgrasso,349165,64928,53046,False,Tue Dec 01 09:49:04 +0000 2015,Technologist & Global B2B Influencer | Founder & CEO | Thought Leader & Author | Driven by Human-Centricity,Global,https://x.com/antgrasso,,,,,True,PASS
pascal_bornet,117775,930,6486,False,Fri Jun 26 17:24:02 +0000 2009,Top Voice in Tech | Best-selling Author | Keynote speaker | AI & Automation expert | Forbes Tech Council | 1 Million+ followers,"Miami, FL",https://x.com/pascal_bornet,,,,,True,PASS
thatroblennon,133363,1207,22392,False,Thu May 12 23:57:01 +0000 2022,17+ years startups. 47x published author. Teaching AI and business frameworks for entrepreneurs + sidehustlers. Get 10 AI tools with my free newsletter 👇,All my links:,https://x.com/thatroblennon,,,,,True,PASS
DataChaz,149330,46405,26919,False,Wed Jan 28 01:11:07 +0000 2009,"Ex @Streamlit @Snowflake Maestro 🪄 • X about AI agents, LLMs, web apps, Python & SEO • My ❤️ is open source • DM for collabs 📩",London 🇬🇧 ⇆ 🇫🇷 Pyrenees,https://x.com/DataChaz,,,,,True,PASS
randal_olson,110267,27899,20905,False,Sun Jun 21 20:13:18 +0000 2009,Co-Founder & CTO @GoodeyeLabs. Building tools that put domain experts in control of AI quality. AI & ML researcher. Data viz aficionado. 15+ years building AI.,"Vancouver, WA",https://x.com/randal_olson,,,,,True,PASS
mrgreen,89283,687,4091,False,Mon Feb 08 10:19:50 +0000 2010,"Tweets about AI, business & design. Sold 4 companies, building 3. I run Twitter experiments.",Amsterdam,https://x.com/mrgreen,,,,,True,PASS
ClaireSilver12,99423,6986,53758,False,Tue Dec 08 20:50:16 +0000 2020,AI art ~2018 | @LACMA | #1629 | Founder @accelerateart | Taste is the new skill | Isaiah 41:10 | https://t.co/QcR3biRe2Y | contact: claire@clairesilver.io,Metaverse,https://x.com/ClaireSilver12,,,,,True,PASS
nigewillson,57263,44670,77388,False,Sat Dec 18 15:00:12 +0000 2010,"Facilitating the Human Connection:
From Artificial Intelligence to Natural Intelligence","southbourne, uk",https://x.com/nigewillson,,,,,True,PASS
abhi1thakur,96185,1143,14556,False,Thu Dec 10 02:56:26 +0000 2009,"AI Search @vespaengine, ex-@huggingface, World's First 4x GM @kaggle, YouTube 120k+: https://t.co/BHnem8fTu5",localhost,https://x.com/abhi1thakur,,,,,True,PASS
yoheinakajima,116229,10673,25626,False,Sat Apr 11 12:21:59 +0000 2009,"VC by day @untappedvc, builder by night: @babyagi_, @pippinlovesyou @pixelbeastsnft. Build-in-public log: https://t.co/UdHHGbZba5","Seattle, WA",https://x.com/yoheinakajima,,,,,True,PASS
MFordFuture,44741,127,8376,False,Tue Jun 21 10:25:24 +0000 2011,"Futurist & NY Times bestselling author of 4 books on #AI, including  #RiseoftheRobots (https://t.co/E3AMeiB96P) about how AI and robots will automate jobs.","Silicon Valley, CA",https://x.com/MFordFuture,,,,,True,PASS
nathanbenaich,64707,34640,29817,False,Sun Nov 27 06:06:36 +0000 2011,solo member of superinvestment staff @airstreet @airstreetpress @stateofai @raais,latent space,https://x.com/nathanbenaich,,,,,True,PASS
TerenceLeungSF,50405,40681,22677,False,Thu Jul 23 00:26:40 +0000 2009,Top 50 Outstanding #AI Business #Influencer | Top 22 AI Influencer to Follow | Top 100 Global #ThoughtLeaders | Deloitte | i2 & Blue Yonder | @Pelico,"California, USA",https://x.com/TerenceLeungSF,,,,,True,PASS
Wendys,3613284,455,229057,False,Thu Jul 23 18:54:01 +0000 2009,"We like our tweets the way we like our tendys: hot, crispy, and better than anyone expects from a fast food restaurant.",Sir This Is A ,https://x.com/Wendys,,,,,True,PASS
TheOnion,10612157,8,111752,False,Tue Mar 04 02:48:37 +0000 2008,"America's Finest News Source. A @globtetrahedron subsidiary.

Get the paper delivered to your door: https://t.co/jJP2Apbhe8",,https://x.com/TheOnion,,,,,True,PASS
tacobell,1831422,87,809405,False,Mon Jul 30 21:52:37 +0000 2007,Live Más.,United States,https://x.com/tacobell,,,,,True,PASS
curlycomedy,42406,4570,81284,False,Tue Dec 09 16:10:00 +0000 2008,"Hulu, Comedy Central, truTV, NBC, CBS • I joke a lot. • Mastadon: https://t.co/UymYo2qVSc • Bluesky: https://t.co/sRjqLg32ly","New York, NY",https://x.com/curlycomedy,,,,,True,PASS
electrolemon,215190,358,39118,False,Sun Jul 06 07:54:20 +0000 2008,"director, comedian, musician, writer (the good place, new warriors, late late show, amber ruffin show, strange planet, neon, ghostbusters, + more)",los angeles/new york,https://x.com/electrolemon,,,,,True,PASS
ShelbyWolstein,13380,779,1820,False,Sat Aug 02 01:38:51 +0000 2014,"former ""dudette"" current ""comedian"" and ""writer"" @keepingrecords","Los Angeles, CA",https://x.com/ShelbyWolstein,,,,,True,PASS
FATJEW,203215,420,3582,False,Sat Jun 13 20:14:12 +0000 2009,"My mom fucked Shel Silverstein in 1971. Seriously.
PRONOUNS: WE/THEM/BOYS",,https://x.com/FATJEW,,,,,True,PASS
neilpatel,475890,80,27200,False,Fri Mar 16 23:56:20 +0000 2007,"Founder of @NPDigital. New York Times bestselling author, Forbes top 10 marketer, and creator of 1 of the 100 most brilliant companies by Entrepreneur Magazine.","Los Angeles, CA",https://x.com/neilpatel,,,,,True,PASS
OfficiallyIce,174599,2887,191220,False,Mon Feb 09 20:45:20 +0000 2009,Father first. Joe Budden Podcast co-host. I talk about my daughter and my woman A LOT. Don’t think you know me just cause you watch a podcast!,Big Jersey 💪🏾,https://x.com/OfficiallyIce,,,,,True,PASS
larrykim,686385,533099,87357,False,Wed Dec 03 22:09:26 +0000 2008,"CEO @CustomersAI, Founder @WordStream; Acquired by USA Today for $150M - Columnist @Inc, @Medium. Popularized Unicorns in Marketing. Engineering @uWaterloo.","Boston, MA",https://x.com/larrykim,,,,,True,PASS
PatFlynn,172811,15585,47325,False,Sun Mar 30 04:02:54 +0000 2008,"My new book, Lean Learning: How to Achieve More by Learning Less, comes out on June 3rd! Father, husband, entrepreneur, Pokémon YouTuber @DeepPocketMnstr 🤙🏼","San Diego, California",https://x.com/PatFlynn,,,,,True,PASS
NoPattern,36523,1570,30420,False,Wed Nov 19 07:36:35 +0000 2008,"Artist, designer, etc. NoPattern Studio since 2004 ⚙️⚙️⚙️ Creative Director @ernieball ⚙️⚙️⚙️@thebrilliance",Chicago,https://x.com/NoPattern,,,,,True,PASS
dburka,57110,795,1880,False,Mon Jan 15 15:22:14 +0000 2007,"💼 Dir. of design at https://t.co/cN08bGaYFB
❤️ Lead https://t.co/dAKvB2BhwQ
🪙 Seed investor
😷 Started https://t.co/JJdqpJ3k4b
🎨 Prev. design partner at https://t.co/UrF8sn3bHt",London,https://x.com/dburka,,,,,True,PASS
AisleOne,54078,781,24160,False,Tue Jan 27 21:00:40 +0000 2009,"A weekly newsletter on design, photography, film, music and culture. Curated and written by Antonio Carusone. Subscribe for free. https://t.co/FSlmz5i9c1",New York,https://x.com/AisleOne,,,,,True,PASS
timothyogoodman,26170,588,7371,False,Thu Feb 11 14:10:59 +0000 2010,Grandma calls me an artist ✨ I'm likely here: https://t.co/xn2pFJJA2n,"New York, NY",https://x.com/timothyogoodman,,,,,True,PASS
abstractsunday,86105,339,3691,False,Thu Jan 21 13:03:54 +0000 2010,Visual storyteller,Berlin/New York,https://x.com/abstractsunday,,,,,True,PASS
BornFitness,145687,1215,29695,False,Thu Jun 03 17:03:54 +0000 2010,"NYT bestselling author. Founder of Pen Name Consulting, Born Fitness, and The Pump. Nutrition Advisor for Arnold & LeBron. Father of 3.","Denver, CO",https://x.com/BornFitness,,,,,True,PASS
thebodycoach,400041,17285,111905,False,Sun Jul 17 21:10:16 +0000 2011,"On a mission to make the world fitter, healthier and happier 💪",United Kingdom,https://x.com/thebodycoach,,,,,True,PASS
TheJoeySwoll,1140951,270,6791,False,Sat Dec 19 14:54:53 +0000 2009,CEO of Gym Positivity,LA/NYC/CHI,https://x.com/TheJoeySwoll,,,,,True,PASS
iamkoshiek,278333,11848,3230,False,Thu Jan 01 13:50:56 +0000 2015,"Leadership on finance, fitness & fulfilment 📈👟✨//Serial entrepreneur & investor // Certified Personal Trainer (ISSA-CPT) // Founder: @banker__x, @flexwellness",Global,https://x.com/iamkoshiek,,,,,True,PASS
corygfitness,210775,1684,112646,False,Sat Dec 11 07:49:57 +0000 2010,13x CoverModel & former Coal Miner 💪🏻🏝️ Owner - @maxeffortmuscle suppz If U Want RESULTS Join my community👇,Work w/ CORYG 👇,https://x.com/corygfitness,,,,,True,PASS
Fayokunmii,228645,5020,263833,False,Sun Dec 16 19:39:20 +0000 2018,"doer. i de do things, things de do me back.",,https://x.com/Fayokunmii,,,,,True,PASS
AJA_Cortes,236843,1793,107287,False,Thu Jan 22 23:50:48 +0000 2009,"Broscientist & Health Coach for Men. Burn Fat, build muscle. Optimize biology, environment & lifestyle for maximum longevity",Sign up for a strategy call,https://x.com/AJA_Cortes,,,,,True,PASS
BioLayne,227273,337,63443,False,Thu Mar 26 18:46:59 +0000 2009,"Dad. Natural Pro BBer. Nutritional Sci. PhD, 5x Powerlifting Nat Champ. 2x M1 World Champ. BS Crusher @carbondietcoach co-founder","Tampa, FL",https://x.com/BioLayne,,,,,True,PASS
crossdabossike,190968,763,10055,False,Sun Jan 02 00:42:54 +0000 2011,Jesus babyboy for life  🖤  Fintech & web 3 & blockchain & builder  & co-founder @blocverse_.@useazza  @sudocatAI,Africa,https://x.com/crossdabossike,,,,,True,PASS
blogilates,162390,503,38812,False,Wed Jul 21 04:06:53 +0000 2010,"Founder/CEO + Head Designer of POPFLEX, and Blogilates exclusively at Target.",,https://x.com/blogilates,,,,,True,PASS
AskCoachKev,232804,143,34430,False,Fri Dec 21 18:42:44 +0000 2018,All Things Belly Fat. Helping Men & Women Professionals Age 35+ Lose Belly Fat. 800+ Client Transformations. Apply Below for my 1 on 1 Help. Results Guaranteed.,Apply to Lose Your Belly 👇,https://x.com/AskCoachKev,,,,,True,PASS
theoliveranwar,166536,368,56607,False,Fri Jun 24 16:52:07 +0000 2011,"Chief Health Officer | I help CEOs & founders drop 20-40 lbs and optimize hormones | Trusted by 500+ executives at Amazon, Meta, Tinder, Shopify and Accenture",Work with me & my team ,https://x.com/theoliveranwar,,,,,True,PASS
caseyfitlove,132723,50,2110,False,Thu Oct 08 05:19:09 +0000 2015,📍LA🌴 Health ❤︎︎ fitness ❤︎︎ wellness ❤︎︎ lifestyle Caseylovesfitness@gmail.com,,https://x.com/caseyfitlove,,,,,True,PASS
JasonKhalipa,85168,120,2398,False,Tue Jul 17 01:20:17 +0000 2012,"Father,Husband,🎗advocate |CrossFit Games Champ | Founder NCFIT Gyms | Gym Owners visit https://t.co/0JTNAF2YN7 Link below for Podcasts and Book","san jose ca
",https://x.com/JasonKhalipa,,,,,True,PASS
bengreenfield,105060,110,37111,False,Mon Aug 11 03:57:53 +0000 2008,Faith - Family - Fitness - Founder & CEO of Ben Greenfield Life & Co-Founder of LIFE Network and Kion,"Spokane, WA",https://x.com/bengreenfield,,,,,True,PASS
OMGitsfirefoxx,429998,762,6525,False,Sun Sep 12 02:36:42 +0000 2010,what are we doing here 💿 |travel. cars. gaming. twitch. etc on-camera|,"Los Angeles, CA",https://x.com/OMGitsfirefoxx,,,,,True,PASS
SUKnives,37245,466,153112,False,Thu Aug 18 20:50:10 +0000 2011,"I like fast cars, Pokemon cards and cats. I play video games sometimes // @sarakateee // @UWMadison alum //",Wisconsin,https://x.com/SUKnives,,,,,True,PASS
LIRIK,561765,1290,36697,False,Sat Mar 10 19:46:50 +0000 2012,Business inquiries: datguylirik@gmail.com https://t.co/B6vt1nWOM6,"Boston, MA",https://x.com/LIRIK,,,,,True,PASS
TacticalGramma,22705,513,9028,False,Wed Aug 07 00:33:35 +0000 2019,Content Creator for @GhostGaming - Twitch Partner - YouTube Partner 🎧🎮 -  Just a Gramma living in her kids basement playing video games,,https://x.com/TacticalGramma,,,,,True,PASS
Eystreem,25467,2211,6578,False,Thu Dec 31 07:53:04 +0000 2015,"🌏 CEO of @spawnpointmedia 
🌊 When waves rise, you still them (Psalm 89:9)
📧 partnerships@spawnpointmedia.com","Melbourne, Victoria, Australia",https://x.com/Eystreem,,,,,True,PASS
Xaryu,51675,137,21941,False,Tue Jul 16 22:39:05 +0000 2013,"Father, Husband, Streamer | @StarforgePCs Partner | xaryu@mythictalent.com","Tucson, AZ",https://x.com/Xaryu,,,,,True,PASS
DeliciouslyElla,164502,328,17770,False,Sun May 27 07:38:45 +0000 2012,"The UK’s leading plant-based food and wellness platform, sharing simple tools for a healthier life. Join the community at https://t.co/Nd2nVwG5GN.",London,https://x.com/DeliciouslyElla,,,,,True,PASS
minimalistbaker,630575,46,17357,False,Sat Jun 25 15:43:22 +0000 2011,"Simple recipes requiring 10 ingredients or less, 1 bowl, or 30 minutes. All eaters welcome!",,https://x.com/minimalistbaker,,,,,True,PASS
JamesClear,1102372,0,13416,False,Tue Dec 14 03:58:09 +0000 2010,Author of the #1 NYT bestseller Atomic Habits (https://t.co/aWrO9DWkH5). I write about building good habits. Over 3 million people read my 3-2-1 newsletter.,,https://x.com/JamesClear,,,,,True,PASS
blakeaburge,416548,211,16483,False,Thu Mar 31 03:20:37 +0000 2016,"On a mission to build meaningful things with @sahilbloom.

Fan of Bourbon, Books, and Good Advice 🥃 📚 💬","Oklahoma City, OK",https://x.com/blakeaburge,,,,,True,PASS
SystemSunday,369948,152,6740,False,Sat Mar 27 12:13:48 +0000 2021,"The Systems Guy • Follow me for systems on health, wealth, & free time ⚡ Cornell MBA • 2M+ audience",Try my free newsletter ➜ ,https://x.com/SystemSunday,,,,,True,PASS
TomFrankly,143783,950,40616,False,Mon May 11 14:39:17 +0000 2009,Automation & productivity educator. Teaching @NotionHQ on Youtube. Building @FlylighterHQ. Probably eating poke or playing DDR right now.,"Des Moines, IA",https://x.com/TomFrankly,,,,,True,PASS
fortelabs,148436,3178,44722,False,Thu Sep 26 21:12:43 +0000 2013,The Second Brain Guy | Learn how to build one: https://t.co/vPhQg4soKp | Writing: https://t.co/x2KgFyuwlk | Videos: https://t.co/7LdtbIvWHw,Get the Notion Template ➡️,https://x.com/fortelabs,,,,,True,PASS
nireyal,101772,333,64803,False,Fri Mar 07 21:32:15 +0000 2008,Get my new book BEYOND BELIEF & Unlock exclusive gifts 📚 | Former Stanford lecturer helping you make sense of the science,Get BEYOND BELIEF ➔,https://x.com/nireyal,,,,,True,PASS
IAmPascio,123091,164,15687,False,Sun Aug 15 18:22:14 +0000 2021,"Your #1 CFO. Chief Focus Officer. Tweets on systems, productivity & Notion. Currently building https://t.co/sEkxZIqJiL.",15x FREE operating systems →,https://x.com/IAmPascio,,,,,True,PASS
neuranne,69034,2787,29842,False,Tue Aug 26 14:10:05 +0000 2008,"hypercurious :) founder @ness_labs • neuroscientist @KingsIoPPN • author of Tiny Experiments • personal science, systematic curiosity, experimental thinking ꩜⋆✦",Order my book ➜,https://x.com/neuranne,,,,,True,PASS
FrancescoD_Ales,38519,8392,30106,False,Sat Feb 19 12:02:04 +0000 2011,Co-founder https://t.co/Yr57B3NbPw | 🍱 Bento Focus,Find Productivity Tools,https://x.com/FrancescoD_Ales,,,,,True,PASS
